trialPath,corrcoef
data/swimming/125_processed/125_01,0.383430003020513
data/swimming/125_processed/125_02,0.11784996048412796
data/swimming/125_processed/125_03,0.22157664347132952
data/swimming/125_processed/125_04,0.11701140696302192
data/swimming/125_processed/125_05,0.28905068493221653
data/swimming/125_processed/125_06,0.09352904974597215
data/swimming/125_processed/125_07,0.6275035566167915
