{
	"class_name" : "PinholeCameraParameters",
	"extrinsic" : 
	[
		0.90019978559162983,
		0.084700556694576892,
		-0.42716058071457463,
		0.0,
		-0.086497671612354124,
		-0.92658046931828275,
		-0.36601473560985531,
		0.0,
		-0.42680030321735385,
		0.36643478215576053,
		-0.82678113887535876,
		0.0,
		4.6568310492656515,
		0.16934201745937483,
		0.61703897664663554,
		1.0
	],
	"intrinsic" : 
	{
		"height" : 768,
		"intrinsic_matrix" : 
		[
			665.1075101064489,
			0.0,
			0.0,
			0.0,
			665.1075101064489,
			0.0,
			511.5,
			383.5,
			1.0
		],
		"width" : 1024
	},
	"version_major" : 1,
	"version_minor" : 0
}