{
	"class_name" : "PinholeCameraParameters",
	"extrinsic" : 
	[
		0.96914420065283524,
		0.043551791125754462,
		-0.24261648713703643,
		0.0,
		-0.021948436490754817,
		-0.96511087004200913,
		-0.26092005415906172,
		0.0,
		-0.24551534468661709,
		0.25819420988181563,
		-0.93437570896664301,
		0.0,
		7.7668810270914168,
		0.16778852922262566,
		0.5351015337754319,
		1.0
	],
	"intrinsic" : 
	{
		"height" : 768,
		"intrinsic_matrix" : 
		[
			665.1075101064489,
			0.0,
			0.0,
			0.0,
			665.1075101064489,
			0.0,
			511.5,
			383.5,
			1.0
		],
		"width" : 1024
	},
	"version_major" : 1,
	"version_minor" : 0
}