{
	"class_name" : "PinholeCameraParameters",
	"extrinsic" : 
	[
		0.96229493116970777,
		0.027490623621118121,
		-0.27061546714482076,
		0.0,
		-0.037961295769893419,
		-0.97157078379777118,
		-0.2336860117637666,
		0.0,
		-0.26934625571661136,
		0.23514777839372966,
		-0.93389406082699522,
		0.0,
		4.8171370964077145,
		-0.1119962034071158,
		1.4913275425917927,
		1.0
	],
	"intrinsic" : 
	{
		"height" : 768,
		"intrinsic_matrix" : 
		[
			665.1075101064489,
			0.0,
			0.0,
			0.0,
			665.1075101064489,
			0.0,
			511.5,
			383.5,
			1.0
		],
		"width" : 1024
	},
	"version_major" : 1,
	"version_minor" : 0
}