{
	"class_name" : "PinholeCameraParameters",
	"extrinsic" : 
	[
		0.80635664797766604,
		0.091604891892345913,
		-0.58429230702073609,
		0.0,
		-0.045144635959298518,
		-0.97551651053459854,
		-0.21524288494280844,
		0.0,
		-0.58970409368286136,
		0.19994019469779525,
		-0.78247875398497757,
		0.0,
		6.8908462292748123,
		0.74240792567221825,
		-2.1139847924631976,
		1.0
	],
	"intrinsic" : 
	{
		"height" : 768,
		"intrinsic_matrix" : 
		[
			665.1075101064489,
			0.0,
			0.0,
			0.0,
			665.1075101064489,
			0.0,
			511.5,
			383.5,
			1.0
		],
		"width" : 1024
	},
	"version_major" : 1,
	"version_minor" : 0
}