{
	"class_name" : "PinholeCameraParameters",
	"extrinsic" : 
	[
		0.55891980907627392,
		0.17356336037670583,
		-0.81085412187204631,
		0.0,
		-0.038732774181328755,
		-0.97131785301978246,
		-0.23460903778255987,
		0.0,
		-0.82831661774128362,
		0.16253426820146633,
		-0.5361661985185695,
		0.0,
		4.9576223473383925,
		1.2900572909837842,
		-4.0209690041175916,
		1.0
	],
	"intrinsic" : 
	{
		"height" : 768,
		"intrinsic_matrix" : 
		[
			665.1075101064489,
			0.0,
			0.0,
			0.0,
			665.1075101064489,
			0.0,
			511.5,
			383.5,
			1.0
		],
		"width" : 1024
	},
	"version_major" : 1,
	"version_minor" : 0
}