{
	"class_name" : "PinholeCameraParameters",
	"extrinsic" : 
	[
		0.95595917656031149,
		0.066872136126252091,
		-0.28577993309545613,
		0.0,
		-0.0023053014469598884,
		-0.97195682275274964,
		-0.2351480816201118,
		0.0,
		-0.29349061030188006,
		0.22545077536857605,
		-0.92899688349872189,
		0.0,
		4.9532210805445631,
		0.14092450807156298,
		0.96219007957100278,
		1.0
	],
	"intrinsic" : 
	{
		"height" : 768,
		"intrinsic_matrix" : 
		[
			665.1075101064489,
			0.0,
			0.0,
			0.0,
			665.1075101064489,
			0.0,
			511.5,
			383.5,
			1.0
		],
		"width" : 1024
	},
	"version_major" : 1,
	"version_minor" : 0
}