{
	"class_name" : "PinholeCameraParameters",
	"extrinsic" : 
	[
		0.91201384125958196,
		0.05826275115871276,
		-0.40600025268263079,
		0.0,
		-0.04758213020266195,
		-0.96814723724645646,
		-0.24581877043348571,
		0.0,
		-0.40739010080795912,
		0.24350847796220926,
		-0.88019141493439323,
		0.0,
		4.7125256832324247,
		0.0399226890982185,
		0.73873193399065795,
		1.0
	],
	"intrinsic" : 
	{
		"height" : 768,
		"intrinsic_matrix" : 
		[
			665.1075101064489,
			0.0,
			0.0,
			0.0,
			665.1075101064489,
			0.0,
			511.5,
			383.5,
			1.0
		],
		"width" : 1024
	},
	"version_major" : 1,
	"version_minor" : 0
}