{
	"class_name" : "PinholeCameraParameters",
	"extrinsic" : 
	[
		0.79106583829857591,
		0.17332566495504362,
		-0.58666264014752423,
		0.0,
		-0.03575763260675105,
		-0.94427923726331797,
		-0.32719736212837502,
		0.0,
		-0.61068505073182533,
		0.27981232271166739,
		-0.74078933096486321,
		0.0,
		6.5763304620089196,
		1.1824461024183983,
		-2.3922619128001297,
		1.0
	],
	"intrinsic" : 
	{
		"height" : 768,
		"intrinsic_matrix" : 
		[
			665.1075101064489,
			0.0,
			0.0,
			0.0,
			665.1075101064489,
			0.0,
			511.5,
			383.5,
			1.0
		],
		"width" : 1024
	},
	"version_major" : 1,
	"version_minor" : 0
}