{
	"class_name" : "PinholeCameraParameters",
	"extrinsic" : 
	[
		0.95964085329085558,
		0.14860976338447554,
		-0.23875630027710085,
		0.0,
		-0.0033894810573270318,
		-0.84280289796525221,
		-0.5382116559491581,
		0.0,
		-0.28120800862237366,
		0.51729915272324112,
		-0.80828438218145471,
		0.0,
		7.7544691986751051,
		0.98045051436130604,
		1.016858380718592,
		1.0
	],
	"intrinsic" : 
	{
		"height" : 768,
		"intrinsic_matrix" : 
		[
			665.1075101064489,
			0.0,
			0.0,
			0.0,
			665.1075101064489,
			0.0,
			511.5,
			383.5,
			1.0
		],
		"width" : 1024
	},
	"version_major" : 1,
	"version_minor" : 0
}