{
	"class_name" : "PinholeCameraParameters",
	"extrinsic" : 
	[
		0.97983972875602365,
		0.0020295924715703351,
		-0.1997748400217644,
		0.0,
		-0.067366482479493298,
		-0.93802991383540402,
		-0.33994358030162131,
		0.0,
		-0.18808472290343611,
		0.34654835377526194,
		-0.91898224983184174,
		0.0,
		-4.9362495627856333,
		-0.69034882658314756,
		3.1837405232743721,
		1.0
	],
	"intrinsic" : 
	{
		"height" : 768,
		"intrinsic_matrix" : 
		[
			665.1075101064489,
			0.0,
			0.0,
			0.0,
			665.1075101064489,
			0.0,
			511.5,
			383.5,
			1.0
		],
		"width" : 1024
	},
	"version_major" : 1,
	"version_minor" : 0
}