{
	"class_name" : "PinholeCameraParameters",
	"extrinsic" : 
	[
		0.87687260448935167,
		0.14238672577222997,
		-0.45915188752734659,
		0.0,
		-0.034824284415236634,
		-0.93380391158806675,
		-0.35608639951252397,
		0.0,
		-0.47945980510469077,
		0.32823204448482773,
		-0.81386855220132581,
		0.0,
		0.17400342373658106,
		-0.36629814897181212,
		3.9227647538804473,
		1.0
	],
	"intrinsic" : 
	{
		"height" : 768,
		"intrinsic_matrix" : 
		[
			665.1075101064489,
			0.0,
			0.0,
			0.0,
			665.1075101064489,
			0.0,
			511.5,
			383.5,
			1.0
		],
		"width" : 1024
	},
	"version_major" : 1,
	"version_minor" : 0
}