{
	"class_name" : "PinholeCameraParameters",
	"extrinsic" : 
	[
		0.94330708620275661,
		-0.016417087913600983,
		-0.33151503788531578,
		0.0,
		-0.05834420044293661,
		-0.99142628167928248,
		-0.11691827175538713,
		0.0,
		-0.32675326378529057,
		0.12963181407366486,
		-0.93617727882363777,
		0.0,
		7.6798050906772231,
		-0.20719478965117152,
		-0.1936292787850622,
		1.0
	],
	"intrinsic" : 
	{
		"height" : 768,
		"intrinsic_matrix" : 
		[
			665.1075101064489,
			0.0,
			0.0,
			0.0,
			665.1075101064489,
			0.0,
			511.5,
			383.5,
			1.0
		],
		"width" : 1024
	},
	"version_major" : 1,
	"version_minor" : 0
}