{
	"class_name" : "PinholeCameraParameters",
	"extrinsic" : 
	[
		0.18702939215630551,
		-0.22381483909345673,
		0.95651812542743442,
		0.0,
		0.057092113212151081,
		-0.96957741551551935,
		-0.23803387559592692,
		0.0,
		0.98069388551097525,
		0.099128972171693475,
		-0.16856141254026621,
		0.0,
		-0.54583966292729824,
		-0.26226868344661802,
		1.9661621680418229,
		1.0
	],
	"intrinsic" : 
	{
		"height" : 768,
		"intrinsic_matrix" : 
		[
			665.1075101064489,
			0.0,
			0.0,
			0.0,
			665.1075101064489,
			0.0,
			511.5,
			383.5,
			1.0
		],
		"width" : 1024
	},
	"version_major" : 1,
	"version_minor" : 0
}