{
	"class_name" : "PinholeCameraParameters",
	"extrinsic" : 
	[
		0.94520420854011555,
		0.034553151569300306,
		-0.32464609018850499,
		0.0,
		-0.049888294386933332,
		-0.96741949973300234,
		-0.24821496655018685,
		0.0,
		-0.3226455675214161,
		0.25080987072477162,
		-0.91268518477392124,
		0.0,
		4.7407611130642673,
		0.025136537435889839,
		1.3089843916650397,
		1.0
	],
	"intrinsic" : 
	{
		"height" : 768,
		"intrinsic_matrix" : 
		[
			665.1075101064489,
			0.0,
			0.0,
			0.0,
			665.1075101064489,
			0.0,
			511.5,
			383.5,
			1.0
		],
		"width" : 1024
	},
	"version_major" : 1,
	"version_minor" : 0
}