{
	"class_name" : "PinholeCameraParameters",
	"extrinsic" : 
	[
		0.94973836404564782,
		0.13765305914333212,
		-0.28115596235608975,
		0.0,
		0.048687909835073651,
		-0.95215690645990481,
		-0.3017063355592583,
		0.0,
		-0.30923539140238843,
		0.27285318541147052,
		-0.91100198238808761,
		0.0,
		-4.4491067294435496,
		-0.97122385679635581,
		4.9365404309107523,
		1.0
	],
	"intrinsic" : 
	{
		"height" : 768,
		"intrinsic_matrix" : 
		[
			665.1075101064489,
			0.0,
			0.0,
			0.0,
			665.1075101064489,
			0.0,
			511.5,
			383.5,
			1.0
		],
		"width" : 1024
	},
	"version_major" : 1,
	"version_minor" : 0
}