{
	"class_name" : "PinholeCameraParameters",
	"extrinsic" : 
	[
		0.86150872158596192,
		0.10904282150379506,
		-0.49589553911062079,
		0.0,
		-0.028868891963582659,
		-0.96456731673743368,
		-0.26225269981211363,
		0.0,
		-0.5069214038764952,
		0.24024894289140811,
		-0.82783521049267073,
		0.0,
		4.5788710294527029,
		0.3257759456744368,
		0.19879362007187029,
		1.0
	],
	"intrinsic" : 
	{
		"height" : 768,
		"intrinsic_matrix" : 
		[
			665.1075101064489,
			0.0,
			0.0,
			0.0,
			665.1075101064489,
			0.0,
			511.5,
			383.5,
			1.0
		],
		"width" : 1024
	},
	"version_major" : 1,
	"version_minor" : 0
}