{
	"class_name" : "PinholeCameraParameters",
	"extrinsic" : 
	[
		0.99538959778355551,
		0.0026624896485779618,
		0.095877316259702819,
		0.0,
		0.0086809131811582708,
		-0.99801284993279116,
		-0.062409879949968827,
		0.0,
		0.095520627984917755,
		0.0629544479596124,
		-0.99343472211890571,
		0.0,
		-4.8425696033877337,
		-0.48870812707787614,
		1.9688073409599502,
		1.0
	],
	"intrinsic" : 
	{
		"height" : 768,
		"intrinsic_matrix" : 
		[
			665.1075101064489,
			0.0,
			0.0,
			0.0,
			665.1075101064489,
			0.0,
			511.5,
			383.5,
			1.0
		],
		"width" : 1024
	},
	"version_major" : 1,
	"version_minor" : 0
}