{
	"class_name" : "PinholeCameraParameters",
	"extrinsic" : 
	[
		0.9468314788002854,
		0.097132186430153561,
		-0.30671727879622762,
		0.0,
		-0.0080898500417205532,
		-0.94584852454027013,
		-0.32450750831266884,
		0.0,
		-0.32162820939582931,
		0.30973522076814619,
		-0.89477337238908738,
		0.0,
		4.8022554704920184,
		0.21567165350893136,
		1.160522718232627,
		1.0
	],
	"intrinsic" : 
	{
		"height" : 768,
		"intrinsic_matrix" : 
		[
			665.1075101064489,
			0.0,
			0.0,
			0.0,
			665.1075101064489,
			0.0,
			511.5,
			383.5,
			1.0
		],
		"width" : 1024
	},
	"version_major" : 1,
	"version_minor" : 0
}