{
	"class_name" : "PinholeCameraParameters",
	"extrinsic" : 
	[
		0.98863805649472491,
		0.037380366480981649,
		-0.14559361748401173,
		0.0,
		0.0031697348665709543,
		-0.9735549078318434,
		-0.22843115859577137,
		0.0,
		-0.15028222127453689,
		0.22537424351127236,
		-0.96261191782073474,
		0.0,
		4.8879864503115638,
		0.07930600877677485,
		1.781542824006715,
		1.0
	],
	"intrinsic" : 
	{
		"height" : 768,
		"intrinsic_matrix" : 
		[
			665.1075101064489,
			0.0,
			0.0,
			0.0,
			665.1075101064489,
			0.0,
			511.5,
			383.5,
			1.0
		],
		"width" : 1024
	},
	"version_major" : 1,
	"version_minor" : 0
}