{
	"class_name" : "PinholeCameraParameters",
	"extrinsic" : 
	[
		0.47958912190012148,
		0.22764851042231921,
		-0.84744936713503405,
		0.0,
		0.080671583428812796,
		-0.9731103111791517,
		-0.21575082364594295,
		0.0,
		-0.8737770709867354,
		0.035106665739057241,
		-0.48505788545134249,
		0.0,
		0.70961083452599416,
		-0.15507884257297275,
		2.0628065670983138,
		1.0
	],
	"intrinsic" : 
	{
		"height" : 768,
		"intrinsic_matrix" : 
		[
			665.1075101064489,
			0.0,
			0.0,
			0.0,
			665.1075101064489,
			0.0,
			511.5,
			383.5,
			1.0
		],
		"width" : 1024
	},
	"version_major" : 1,
	"version_minor" : 0
}