{
	"class_name" : "PinholeCameraParameters",
	"extrinsic" : 
	[
		0.31712687158269753,
		0.2688263862565835,
		-0.90948497589151933,
		0.0,
		-0.15521256479587181,
		-0.93134282028183601,
		-0.32940797021165596,
		0.0,
		-0.93559585668688106,
		0.2456276148190632,
		-0.25362860207129506,
		0.0,
		3.0380225572778801,
		1.9515030805286764,
		-5.2635359545614948,
		1.0
	],
	"intrinsic" : 
	{
		"height" : 768,
		"intrinsic_matrix" : 
		[
			665.1075101064489,
			0.0,
			0.0,
			0.0,
			665.1075101064489,
			0.0,
			511.5,
			383.5,
			1.0
		],
		"width" : 1024
	},
	"version_major" : 1,
	"version_minor" : 0
}