{
	"class_name" : "PinholeCameraParameters",
	"extrinsic" : 
	[
		0.99997940951556052,
		-0.0061270991579828026,
		-0.0019076689490430563,
		0.0,
		-0.0062518318788803949,
		-0.99722044525894271,
		-0.074244852722020749,
		0.0,
		-0.0014474609041737253,
		0.074255250410086043,
		-0.99723821760072273,
		0.0,
		0.064899347443672997,
		-0.40263442908903946,
		2.8162241558949632,
		1.0
	],
	"intrinsic" : 
	{
		"height" : 768,
		"intrinsic_matrix" : 
		[
			665.1075101064489,
			0.0,
			0.0,
			0.0,
			665.1075101064489,
			0.0,
			511.5,
			383.5,
			1.0
		],
		"width" : 1024
	},
	"version_major" : 1,
	"version_minor" : 0
}