{
	"class_name" : "PinholeCameraParameters",
	"extrinsic" : 
	[
		0.9970425196833399,
		-0.02266154892629544,
		0.073434788375524862,
		0.0,
		-0.017204333142622028,
		-0.99710149675108184,
		-0.074112185893212196,
		0.0,
		0.074901434329488509,
		0.072629603998737871,
		-0.99454246553798398,
		0.0,
		-0.11631993038796024,
		-0.22793683300239792,
		3.6480406576023565,
		1.0
	],
	"intrinsic" : 
	{
		"height" : 768,
		"intrinsic_matrix" : 
		[
			665.1075101064489,
			0.0,
			0.0,
			0.0,
			665.1075101064489,
			0.0,
			511.5,
			383.5,
			1.0
		],
		"width" : 1024
	},
	"version_major" : 1,
	"version_minor" : 0
}