{
	"class_name" : "PinholeCameraParameters",
	"extrinsic" : 
	[
		0.99810457449189149,
		-0.0036136918161965943,
		0.061434514809007246,
		0.0,
		-0.0034603757896365384,
		-0.99999062814352202,
		-0.0026018117762506114,
		0.0,
		0.061443341199474782,
		0.0023842937281494526,
		-0.99810772513074109,
		0.0,
		-0.13073632301088953,
		-0.054145407891630339,
		2.4975439582726455,
		1.0
	],
	"intrinsic" : 
	{
		"height" : 768,
		"intrinsic_matrix" : 
		[
			665.1075101064489,
			0.0,
			0.0,
			0.0,
			665.1075101064489,
			0.0,
			511.5,
			383.5,
			1.0
		],
		"width" : 1024
	},
	"version_major" : 1,
	"version_minor" : 0
}