{
	"class_name" : "PinholeCameraParameters",
	"extrinsic" : 
	[
		0.9605036883617657,
		0.038400156979819106,
		-0.27560495747966773,
		0.0,
		-0.030869612937701383,
		-0.96961517551150855,
		-0.242679785756587,
		0.0,
		-0.27654969108737176,
		0.24160264767115389,
		-0.93013355438763068,
		0.0,
		7.710897289318809,
		0.27494560659548983,
		0.77781718474177364,
		1.0
	],
	"intrinsic" : 
	{
		"height" : 768,
		"intrinsic_matrix" : 
		[
			665.1075101064489,
			0.0,
			0.0,
			0.0,
			665.1075101064489,
			0.0,
			511.5,
			383.5,
			1.0
		],
		"width" : 1024
	},
	"version_major" : 1,
	"version_minor" : 0
}