{
	"class_name" : "PinholeCameraParameters",
	"extrinsic" : 
	[
		0.9925310296169676,
		-0.021827246658032321,
		-0.12002385825664663,
		0.0,
		-0.029447767691639311,
		-0.99763609187654734,
		-0.062089106639317361,
		0.0,
		-0.11838489863771236,
		0.065159799636115345,
		-0.99082754114221105,
		0.0,
		-0.022038033937823942,
		-0.22500969292066911,
		3.6722237560337083,
		1.0
	],
	"intrinsic" : 
	{
		"height" : 768,
		"intrinsic_matrix" : 
		[
			665.1075101064489,
			0.0,
			0.0,
			0.0,
			665.1075101064489,
			0.0,
			511.5,
			383.5,
			1.0
		],
		"width" : 1024
	},
	"version_major" : 1,
	"version_minor" : 0
}