{
	"class_name" : "PinholeCameraParameters",
	"extrinsic" : 
	[
		0.88196244592405937,
		-0.074416307529169695,
		0.46540783959165838,
		0.0,
		0.061679032925865421,
		-0.96074175585229038,
		-0.27050134095635847,
		0.0,
		0.46726645597237215,
		0.26727792975773762,
		-0.84274822301054853,
		0.0,
		-4.731578845232792,
		-0.29837323857954717,
		-0.19786734227656066,
		1.0
	],
	"intrinsic" : 
	{
		"height" : 768,
		"intrinsic_matrix" : 
		[
			665.1075101064489,
			0.0,
			0.0,
			0.0,
			665.1075101064489,
			0.0,
			511.5,
			383.5,
			1.0
		],
		"width" : 1024
	},
	"version_major" : 1,
	"version_minor" : 0
}