{
	"class_name" : "PinholeCameraParameters",
	"extrinsic" : 
	[
		0.087877403064024043,
		-0.2331180999610506,
		0.9684696760876268,
		0.0,
		0.054466552264203091,
		-0.9696520490651912,
		-0.23834491483588846,
		0.0,
		0.99464111955779,
		0.07369433637821643,
		-0.072513364772298347,
		0.0,
		-0.57023121332497495,
		-0.2821371210451285,
		2.1125759211654436,
		1.0
	],
	"intrinsic" : 
	{
		"height" : 768,
		"intrinsic_matrix" : 
		[
			665.1075101064489,
			0.0,
			0.0,
			0.0,
			665.1075101064489,
			0.0,
			511.5,
			383.5,
			1.0
		],
		"width" : 1024
	},
	"version_major" : 1,
	"version_minor" : 0
}