{
	"class_name" : "PinholeCameraParameters",
	"extrinsic" : 
	[
		0.90854243968600623,
		-0.022973830898373022,
		0.4171604468106398,
		0.0,
		0.060761654144606742,
		-0.98060502439775743,
		-0.1863378853359805,
		0.0,
		0.41335052519019599,
		0.19464323574100073,
		-0.88952535326727056,
		0.0,
		-4.8654614409346602,
		-0.47216070552976896,
		0.11640728121028565,
		1.0
	],
	"intrinsic" : 
	{
		"height" : 768,
		"intrinsic_matrix" : 
		[
			665.1075101064489,
			0.0,
			0.0,
			0.0,
			665.1075101064489,
			0.0,
			511.5,
			383.5,
			1.0
		],
		"width" : 1024
	},
	"version_major" : 1,
	"version_minor" : 0
}