{
	"class_name" : "PinholeCameraParameters",
	"extrinsic" : 
	[
		0.91806906782509246,
		-0.060894984648219339,
		-0.39171544205897602,
		0.0,
		-0.14554621124323169,
		-0.97089948342876053,
		-0.19018541865901945,
		0.0,
		-0.36873498219657225,
		0.23161604849936251,
		-0.90021581800256911,
		0.0,
		-4.4740745938739224,
		-0.32218524208091759,
		4.4707082294356777,
		1.0
	],
	"intrinsic" : 
	{
		"height" : 768,
		"intrinsic_matrix" : 
		[
			665.1075101064489,
			0.0,
			0.0,
			0.0,
			665.1075101064489,
			0.0,
			511.5,
			383.5,
			1.0
		],
		"width" : 1024
	},
	"version_major" : 1,
	"version_minor" : 0
}