{
	"class_name" : "PinholeCameraParameters",
	"extrinsic" : 
	[
		0.85912587314895816,
		0.063912386752653899,
		-0.5077577580949596,
		0.0,
		-0.02960928139762585,
		-0.98430134722152607,
		-0.17399467897899945,
		0.0,
		-0.51090706057086011,
		0.16451767284236687,
		-0.84374635452923608,
		0.0,
		0.18858443656626633,
		-0.1469134805919976,
		2.7851286962505664,
		1.0
	],
	"intrinsic" : 
	{
		"height" : 768,
		"intrinsic_matrix" : 
		[
			665.1075101064489,
			0.0,
			0.0,
			0.0,
			665.1075101064489,
			0.0,
			511.5,
			383.5,
			1.0
		],
		"width" : 1024
	},
	"version_major" : 1,
	"version_minor" : 0
}