{
	"class_name" : "PinholeCameraParameters",
	"extrinsic" : 
	[
		0.97631000533258649,
		-0.078940619262987344,
		0.20146253278925422,
		0.0,
		-0.036666683386991271,
		-0.97796714242433791,
		-0.20551355835509511,
		0.0,
		0.21324710506096772,
		0.19325798034945679,
		-0.95769359672828847,
		0.0,
		-4.9265235001786749,
		-0.2236248532730159,
		1.4838857222840751,
		1.0
	],
	"intrinsic" : 
	{
		"height" : 768,
		"intrinsic_matrix" : 
		[
			665.1075101064489,
			0.0,
			0.0,
			0.0,
			665.1075101064489,
			0.0,
			511.5,
			383.5,
			1.0
		],
		"width" : 1024
	},
	"version_major" : 1,
	"version_minor" : 0
}